imd_district,lgd_districts,note
Nellore,Spsr Nellore,renamed
East Godavari,East Godavari;Kakinada;Konaseema,split in 2022; coastal successors inherit the parent grade
Krishna,Krishna;Ntr,split in 2022; successors inherit the parent grade
Balasore,Baleshwar,spelling
Kendrapara,Kendrapara,same
Jagatsinghpur,Jagatsinghapur,spelling
Bhadrak,Bhadrak,same
Yanam,Yanam,same
South 24-Pragana,24 Paraganas South,spelling
Medinipur,Medinipur East,table 1.1 lists coastal districts only; the coastal part is Medinipur East
Kolkata,Kolkata,same
North 24 Pragana,24 Paraganas North,spelling
Srikakulam,Srikakulam,same
Guntur,Guntur;Bapatla,split in 2022; the coastal successor Bapatla inherits the parent grade
Visakhapatnam,Visakhapatanam;Anakapalli,split in 2022; the coastal successor Anakapalli inherits the parent grade
West Godavari,West Godavari;Eluru,split in 2022; successors inherit the parent grade
Prakasam,Prakasam,same
Vizianagaram,Vizianagaram,same
Diu,Diu,same
Junagadh,Junagadh;Gir Somnath,split in 2013; the coastal successor Gir Somnath inherits the parent grade
Kachchh,Kachchh,same
Lakshadweep,Lakshadweep District,renamed
Ganjam,Ganjam,same
Puri,Puri,same
Khordha,Khordha,same
Karaikal,Karaikal,same
Pudukkottai,Pudukkottai,same
Cuddalore,Cuddalore,same
Kanchipuram,Kanchipuram,same
Tiruvarur,Thiruvarur,spelling
Nagappattinam,Nagapattinam,spelling
Chennai,Chennai,same
Ramanathapuram,Ramanathapuram,same
Toothukudi,Tuticorin,renamed
Tirunelveli,Tirunelveli,same
Chittor,Chittoor;Tirupati,split in 2022; successors inherit the parent grade
Howrah,Howrah,same
A & N Islands,Nicobars;North And Middle Andaman;South Andamans,IMD grades the islands as one unit
Daman,Daman,same
North Goa,North Goa,same
South Goa,South Goa,same
Ahmedabad,Ahmadabad,spelling
Bhavnagar,Bhavnagar,same
Amreli,Amreli,same
Jamnagar,Jamnagar;Devbhumi Dwarka,split in 2013; the coastal successor Devbhumi Dwarka inherits the parent grade
Anand,Anand,same
Navsari,Navsari,same
Surat,Surat,same
Valsad,Valsad,same
Bharuch,Bharuch,same
Porbandar,Porbandar,same
Rajkot,Rajkot;Morbi,split in 2013; the coastal successor Morbi inherits the parent grade
Vadodara,Vadodara,same
Udupi,Udupi,same
Uttar Kannada,Uttara Kannada,spelling
Dakshin Kannada,Dakshina Kannada,spelling
Kozhikode,Kozhikode,same
Malappuram,Malappuram,same
Thrissur,Thrissur,same
Kannur,Kannur,same
Kollam,Kollam,same
Alappuzha,Alappuzha,same
Thiruvananthapuram,Thiruvananthapuram,same
Thane,Thane;Palghar,split in 2014; the coastal successor Palghar inherits the parent grade
Mumbai suburban,Mumbai Suburban,spelling
Ratnagiri,Ratnagiri,same
Raigarh,Raigad,IMD spells the Maharashtra district Raigarh
Sindhudurg,Sindhudurg,same
Puducherry,Pondicherry,renamed
Mahe,Mahe,same
Viluppuram,Villupuram,spelling
Thanjavur,Thanjavur,same
Tiruvallur,Thiruvallur,spelling
Chengalpattu,Chengalpattu,same
Mayiladuthurai,Mayiladuthurai,same
Kanyakumari,Kanniyakumari,spelling
Kasargod,Kasaragod,spelling
Ernakulam,Ernakulam,same
Dadra & Nagar Haveli,Dadra And Nagar Haveli,renamed
Mayurbhanj,Mayurbhanj,same
Cuttack,Cuttack,same
Nayagarh,Nayagarh,same
Gajapati,Gajapati,same
Jajpur,Jajapur,spelling
Keonjhar,Kendujhar,renamed
Hoogly,Hooghly,spelling
Bardhaman,Purba Bardhaman;Paschim Bardhaman,split in 2017; successors inherit the parent grade
Surendra Nagar,Surendranagar,spelling
Kheda,Kheda,same
Wayand,Wayanad,spelling
Palakkad,Palakkad,same
Kottayam,Kottayam,same
Idukki,Idukki,same
Pathanamthita,Pathanamthitta,spelling
Dhenkanal,Dhenkanal,same
Ariyalur,Ariyalur,same
Tiruvannamalai,Tiruvannamalai,same
Sivaganga,Sivaganga,same
Ranipet,Ranipet,same
Kallakurichi,Kallakurichi,same
