property_id,address,city,state,zip,latitude,longitude,construction_type,year_built,roof_type,roof_age_years,square_footage,occupancy_type,num_stories,sprinkler_system,cat_zone,distance_to_coast_miles,distance_to_fire_zone_miles,prior_claims_count_5yr,prior_claims_total_amount,tiv,submission_date
PROP-0001,26161 Drew Vista Suite 049,Lake Paula,DC,26250,39.852734,42.143694,Joisted Masonry,1961,Built-up,7,35073,Retail,2,Y,Hail,13.5,11.4,3,36450.0,2000137.0,2025-12-07
PROP-0002,6905 Reynolds Stream Apt. 287,West Jessica,CA,71787,-30.612918,-82.439691,Non-Combustible,1962,Modified Bitumen,14,35146,Warehouse,3,Y,Wildfire,27.0,22.8,0,900.0,2000274.0,2025-11-25
PROP-0003,396 Hawkins Causeway Suite 367,Meyerberg,PW,65403,4.751950,-148.533847,Masonry Non-Combustible,1963,Built-up,21,35219,Industrial,4,N,Flood,39.0,34.2,3,37350.0,2000411.0,2025-10-13
PROP-0004,453 Jones Gardens Apt. 529,East Mikaylamouth,CA,34633,17.908810,17.455417,Fire Resistive,1964,Modified Bitumen,28,35292,Mixed-Use,5,Y,Earthquake,52.5,44.0,0,1800.0,2000548.0,2026-03-06
PROP-0005,625 Adam Corners,Mitchellland,DE,64670,-87.919542,161.682105,Frame,1965,Built-up,35,35365,Multifamily,6,Y,None,66.0,5.4,3,38250.0,2000685.0,2025-02-04
PROP-0006,3664 Reyes Mission Suite 012,Lake Matthew,MP,86941,11.708817,157.263615,Joisted Masonry,1966,Modified Bitumen,42,35438,Office,7,N,Wind,78.0,16.8,0,2700.0,2000822.0,2026-05-25
PROP-0007,54676 Luis Gateway Apt. 214,West Lisa,PA,49246,46.765295,16.946515,Non-Combustible,1967,Built-up,4,35511,Retail,8,Y,Hail,11.5,28.2,3,39150.0,2000959.0,2026-04-09
PROP-0008,257 Rebecca Run,North Mackenzie,WA,11889,2.917894,72.504104,Masonry Non-Combustible,1968,Modified Bitumen,11,35584,Warehouse,9,Y,Wildfire,25.0,38.0,0,3600.0,2001096.0,2025-05-15
PROP-0009,5190 Baldwin Prairie Apt. 026,South Joseph,MP,47237,2.245876,39.746619,Fire Resistive,1969,Built-up,18,35657,Industrial,10,N,Flood,37.0,49.4,3,40050.0,2001233.0,2025-06-02
PROP-0010,699 Rodriguez Greens,Smithshire,PA,59751,-66.391156,90.322014,Frame,1970,Modified Bitumen,25,35730,Mixed-Use,11,Y,Earthquake,50.5,10.8,0,4500.0,2001370.0,2024-10-14
PROP-0011,616 Gabriel Springs,Hoganstad,MS,88514,-86.256101,-50.973917,Joisted Masonry,1971,Built-up,32,35803,Multifamily,12,Y,None,64.0,22.2,3,40950.0,2001507.0,2025-12-09
PROP-0012,3698 Kevin Prairie Suite 668,South Davidburgh,HI,50013,17.506112,137.063449,Non-Combustible,1972,Modified Bitumen,39,35876,Office,1,N,Wind,76.0,32.0,0,5400.0,2001644.0,2024-10-16
PROP-0013,26829 Derek Rest,East Melissaview,IN,86478,18.906090,-89.003020,Masonry Non-Combustible,1973,Built-up,1,35949,Retail,2,Y,Hail,9.5,43.4,3,41850.0,2001781.0,2025-03-31
PROP-0014,267 Joanna Glens Suite 291,Smithbury,ND,54912,2.201252,-148.117226,Fire Resistive,1974,Modified Bitumen,8,36022,Warehouse,3,Y,Wildfire,23.0,4.8,0,6300.0,2001918.0,2026-08-05
PROP-0015,770 Brown Brooks Suite 022,New Karenland,NH,33906,-50.583832,134.883175,Frame,1975,Built-up,15,36095,Industrial,4,N,Flood,35.0,16.2,3,42750.0,2002055.0,2025-06-28
PROP-0016,947 Thompson Terrace Apt. 640,Murphyborough,MS,54998,55.799617,67.908012,Joisted Masonry,1976,Modified Bitumen,22,36168,Mixed-Use,5,Y,Earthquake,48.5,26.0,0,7200.0,2002192.0,2026-04-07
PROP-0017,69079 Foley Mountains Apt. 845,Rachelchester,MA,03041,-73.349162,-54.464726,Non-Combustible,1977,Built-up,29,36241,Multifamily,6,Y,None,62.0,37.4,3,43650.0,2002329.0,2025-05-24
PROP-0018,867 Albert Causeway Apt. 961,Martinville,MI,46561,36.294840,34.299452,Masonry Non-Combustible,1978,Modified Bitumen,36,36314,Office,7,N,Wind,74.0,48.8,0,8100.0,2002466.0,2026-02-10
PROP-0019,7016 Schneider Crest Suite 803,Chelseahaven,AS,37867,28.352543,-53.714280,Fire Resistive,1979,Built-up,43,36387,Retail,8,Y,Hail,7.5,10.2,3,44550.0,2002603.0,2026-02-19
PROP-0020,925 Cynthia Crossing,Ebonychester,MH,20868,57.200210,145.149798,Frame,1980,Modified Bitumen,5,36460,Warehouse,9,Y,Wildfire,21.0,20.0,0,9000.0,2002740.0,2025-08-25
PROP-0021,3461 Mckay Rapids,New Jill,NH,38802,-56.861177,-137.518434,Joisted Masonry,1981,Built-up,12,36533,Industrial,10,N,Flood,33.0,31.4,3,45450.0,2002877.0,2026-06-04
PROP-0022,711 Melissa Mount Suite 445,West Matthewfort,IN,88813,-85.719959,-51.743922,Non-Combustible,1982,Modified Bitumen,19,36606,Mixed-Use,11,Y,Earthquake,46.5,42.8,0,9900.0,2003014.0,2025-08-03
PROP-0023,68111 Tony Rest Suite 129,Rodneyhaven,WI,91426,-36.322970,-56.277234,Masonry Non-Combustible,1983,Built-up,26,36679,Multifamily,12,Y,None,60.0,4.2,3,46350.0,2003151.0,2026-08-03
PROP-0024,971 Rodriguez Park,Antonioview,VT,43615,-74.157548,93.263520,Fire Resistive,1984,Modified Bitumen,33,36752,Office,1,N,Wind,72.0,14.0,0,10800.0,2003288.0,2025-06-11
PROP-0025,28029 Brendan Valley Apt. 692,Jermainehaven,MT,27323,-48.027454,-24.537400,Frame,1985,Built-up,40,36825,Retail,2,Y,Hail,5.5,25.4,3,47250.0,2003425.0,2025-12-02
PROP-0026,38337 Pollard Path Suite 559,Lake Amandashire,VT,70533,58.778636,-146.829069,Joisted Masonry,1986,Modified Bitumen,2,36898,Warehouse,3,Y,Wildfire,19.0,36.8,0,11700.0,2003562.0,2025-01-03
PROP-0027,39377 Gray Landing,Collinsville,OK,57803,34.995668,-154.181471,Non-Combustible,1987,Built-up,9,36971,Industrial,4,N,Flood,31.0,48.2,3,48150.0,2003699.0,2024-09-09
PROP-0028,1550 Erin Harbors Apt. 790,Lake Micheleville,IN,89075,27.184152,124.595721,Masonry Non-Combustible,1988,Modified Bitumen,16,37044,Mixed-Use,5,Y,Earthquake,44.5,8.0,0,12600.0,2003836.0,2024-11-23
PROP-0029,848 Miller Club Suite 431,Nicoletown,IA,83736,-26.507321,-14.238509,Fire Resistive,1989,Built-up,23,37117,Multifamily,6,Y,None,58.0,19.4,3,49050.0,2003973.0,2025-01-20
PROP-0030,4154 Barnes Flat Suite 059,Jamesport,CT,29254,-80.325378,-159.298929,Frame,1990,Modified Bitumen,30,37190,Office,7,N,Wind,70.0,30.8,0,13500.0,2004110.0,2024-12-29
PROP-0031,174 Ball Estates,New Sarah,SD,19551,-66.910110,12.806186,Joisted Masonry,1991,Built-up,37,37263,Retail,8,Y,Hail,3.5,42.2,3,49950.0,2004247.0,2024-10-29
PROP-0032,3151 Patricia Lake Suite 045,North Marychester,ID,56256,30.382878,-72.380125,Non-Combustible,1992,Modified Bitumen,44,37336,Warehouse,9,Y,Wildfire,17.0,2.0,0,14400.0,2004384.0,2024-08-15
PROP-0033,86733 Alyssa Parkways Suite 275,South Christina,CT,03850,76.303658,177.773918,Masonry Non-Combustible,1993,Built-up,6,37409,Industrial,10,N,Flood,29.0,13.4,3,50850.0,2004521.0,2024-12-03
PROP-0034,8122 Patterson Circles,New Christinaton,ND,69188,6.361182,177.525393,Fire Resistive,1994,Modified Bitumen,13,37482,Mixed-Use,11,Y,Earthquake,42.5,24.8,0,15300.0,2004658.0,2025-06-03
PROP-0035,0246 Martin Ville Apt. 755,Duanestad,MH,42098,17.057100,-5.657394,Frame,1995,Built-up,20,37555,Multifamily,12,Y,None,56.0,36.2,3,51750.0,2004795.0,2025-05-12
PROP-0036,692 Scott Loop Apt. 756,Harristown,NC,15209,32.294071,124.170089,Joisted Masonry,1996,Modified Bitumen,27,37628,Office,1,N,Wind,68.0,46.0,0,16200.0,2004932.0,2025-07-30
PROP-0037,986 Odom Mission Suite 949,Kevinmouth,OK,18246,-81.171612,-147.095678,Non-Combustible,1997,Built-up,34,37701,Retail,2,Y,Hail,1.5,7.4,3,52650.0,2005069.0,2026-06-16
PROP-0038,234 Harvey Orchard,East David,MO,01738,52.995830,-93.838718,Masonry Non-Combustible,1998,Modified Bitumen,41,37774,Warehouse,3,Y,Wildfire,15.0,18.8,0,17100.0,2005206.0,2026-08-04
PROP-0039,15924 Stacy Plaza Suite 550,Adrianfort,IL,02874,-47.342896,128.095855,Fire Resistive,1999,Built-up,3,37847,Industrial,4,N,Flood,27.0,30.2,3,53550.0,2005343.0,2025-07-06
PROP-0040,565 Lane Union,West Jamesbury,VI,88950,3.879760,-144.600223,Frame,2000,Modified Bitumen,10,37920,Mixed-Use,5,Y,Earthquake,40.5,40.0,0,18000.0,2005480.0,2024-08-23
PROP-0041,758 Ryan Views Suite 591,Lake Carla,PR,56322,81.091852,173.109927,Joisted Masonry,2001,Built-up,17,37993,Multifamily,6,Y,None,54.0,1.4,3,54450.0,2005617.0,2026-06-22
PROP-0042,81590 David Club,Hillport,MD,02711,3.117162,-147.264388,Non-Combustible,2002,Modified Bitumen,24,38066,Office,7,N,Wind,66.0,12.8,0,18900.0,2005754.0,2026-04-12
PROP-0043,874 Jeffrey Stream,Lake Kyle,ND,52047,-62.680720,161.368429,Masonry Non-Combustible,2003,Built-up,31,38139,Retail,8,Y,Hail,79.5,24.2,3,55350.0,2005891.0,2025-10-08
PROP-0044,877 Schwartz Trafficway Apt. 335,Garytown,GA,78492,42.487686,-98.909395,Fire Resistive,2004,Modified Bitumen,38,38212,Warehouse,9,Y,Wildfire,13.0,34.0,0,19800.0,2006028.0,2025-03-23
PROP-0045,783 Cheryl Field,East Maryborough,MO,48636,46.080646,21.753743,Frame,2005,Built-up,0,38285,Industrial,10,N,Flood,25.0,45.4,3,56250.0,2006165.0,2025-08-13
PROP-0046,1803 Thompson Island,Loriport,WA,96884,-6.000022,-74.011762,Joisted Masonry,2006,Modified Bitumen,7,38358,Mixed-Use,11,Y,Earthquake,38.5,6.8,0,20700.0,2006302.0,2025-03-12
PROP-0047,21238 Collier Avenue,Port Mary,SC,00598,-19.417340,-68.682143,Non-Combustible,2007,Built-up,14,38431,Multifamily,12,Y,None,52.0,18.2,3,57150.0,2006439.0,2024-12-19
PROP-0048,165 Nichols Neck Suite 419,Christybury,VA,23106,89.606710,108.253707,Masonry Non-Combustible,2008,Modified Bitumen,21,38504,Office,1,N,Wind,64.0,28.0,0,21600.0,2006576.0,2024-11-05
PROP-0049,5860 Clifford Trail Apt. 941,East Ashley,AR,23015,27.660267,-29.443224,Fire Resistive,2009,Built-up,28,38577,Retail,2,Y,Hail,77.5,39.4,3,58050.0,2006713.0,2025-09-21
PROP-0050,20118 Osborn Corner,South Jason,HI,92182,-4.596871,83.733347,Frame,2010,Modified Bitumen,35,38650,Warehouse,3,Y,Wildfire,11.0,0.8,0,22500.0,2006850.0,2026-08-06
PROP-0051,957 Billy Ramp,West Lisaburgh,DC,07580,83.036686,9.140335,Joisted Masonry,2011,Built-up,42,38723,Industrial,4,N,Flood,23.0,12.2,3,58950.0,2006987.0,2024-12-23
PROP-0052,3708 Leon Station,Michaelfort,SC,09213,28.983892,116.460240,Non-Combustible,2012,Modified Bitumen,4,38796,Mixed-Use,5,Y,Earthquake,36.5,22.0,0,23400.0,2007124.0,2025-06-04
PROP-0053,301 Watkins Highway Suite 097,North Frank,TX,92078,87.915341,63.644472,Masonry Non-Combustible,2013,Built-up,11,38869,Multifamily,6,Y,None,50.0,33.4,3,59850.0,2007261.0,2024-12-12
PROP-0054,6212 Jacob Glens,Wilsonmouth,MD,27368,2.139020,-128.627892,Fire Resistive,2014,Modified Bitumen,18,38942,Office,7,N,Wind,62.0,44.8,0,24300.0,2007398.0,2026-02-20
PROP-0055,0288 Brianna Mills,West Karen,CO,34092,-64.032415,111.905598,Frame,2015,Built-up,25,39015,Retail,8,Y,Hail,75.5,6.2,3,60750.0,2007535.0,2024-10-29
PROP-0056,8299 Laura Avenue Suite 987,New Kaylee,NJ,62078,-54.460340,34.753801,Joisted Masonry,2016,Modified Bitumen,32,39088,Warehouse,9,Y,Wildfire,9.0,16.0,0,25200.0,2007672.0,2025-11-17
PROP-0057,552 Steven Villages Suite 485,West Suechester,LA,14102,-57.672352,26.695102,Non-Combustible,2017,Built-up,39,39161,Industrial,10,N,Flood,21.0,27.4,3,61650.0,2007809.0,2026-02-08
PROP-0058,782 Kyle Land,West Christopher,MN,68797,62.467990,174.991386,Masonry Non-Combustible,2018,Modified Bitumen,1,39234,Mixed-Use,11,Y,Earthquake,34.5,38.8,0,26100.0,2007946.0,2026-03-05
PROP-0059,43120 Joseph Trail Suite 778,Barajasfort,LA,89757,32.864399,149.995011,Fire Resistive,2019,Built-up,8,39307,Multifamily,12,Y,None,48.0,50.2,3,62550.0,2008083.0,2025-08-20
PROP-0060,1640 Manuel Vista,West Holly,VI,11072,-56.586253,-177.752947,Frame,2020,Modified Bitumen,15,39380,Office,1,N,Wind,60.0,10.0,0,27000.0,2008220.0,2025-07-10
PROP-0061,144 Ross Spurs Apt. 928,South Antonio,SD,92479,48.308227,153.839870,Joisted Masonry,2021,Built-up,22,39453,Retail,2,Y,Hail,73.5,21.4,3,63450.0,2008357.0,2024-10-27
PROP-0062,6287 Earl Course Suite 563,Clarkville,CO,73156,10.829354,-117.765135,Non-Combustible,2022,Modified Bitumen,29,39526,Warehouse,3,Y,Wildfire,7.0,32.8,0,27900.0,2008494.0,2026-07-29
PROP-0063,998 Brooks Estates Apt. 671,East Christopher,NC,64517,-37.732692,11.651941,Masonry Non-Combustible,2023,Built-up,36,39599,Industrial,4,N,Flood,19.0,44.2,3,64350.0,2008631.0,2024-08-18
PROP-0064,29445 Duarte Dam Suite 273,Richardsonburgh,PW,76829,-17.847464,46.708586,Fire Resistive,2024,Modified Bitumen,43,39672,Mixed-Use,5,Y,Earthquake,32.5,4.0,0,28800.0,2008768.0,2026-05-09
PROP-0065,2370 John Fields,Theresaton,AS,20615,-31.642815,-75.434964,Frame,1960,Built-up,5,39745,Multifamily,6,Y,None,46.0,15.4,3,65250.0,2008905.0,2025-01-24
PROP-0066,81412 John Summit,West Stephanieland,MA,38330,33.414078,23.979476,Joisted Masonry,1961,Modified Bitumen,12,39818,Office,7,N,Wind,58.0,26.8,0,29700.0,2009042.0,2024-08-20
PROP-0067,95373 Edwards Plaza Suite 877,East Carriemouth,MN,88708,6.788646,-21.296518,Non-Combustible,1962,Built-up,19,39891,Retail,8,Y,Hail,71.5,38.2,3,66150.0,2009179.0,2026-07-11
PROP-0068,70728 Michael Fords,Juliamouth,VA,85075,34.982654,176.848635,Masonry Non-Combustible,1963,Modified Bitumen,26,39964,Warehouse,9,Y,Wildfire,5.0,48.0,0,30600.0,2009316.0,2025-03-12
PROP-0069,378 Hobbs Curve Suite 764,Hickmanfurt,AR,31900,-30.732462,-12.606349,Fire Resistive,1964,Built-up,33,40037,Industrial,10,N,Flood,17.0,9.4,3,67050.0,2009453.0,2026-05-10
PROP-0070,47375 Mary Walk,Andrewville,MT,92633,-42.208475,-45.107270,Frame,1965,Modified Bitumen,40,40110,Mixed-Use,11,Y,Earthquake,30.5,20.8,0,31500.0,2009590.0,2024-10-10
PROP-0071,420 Johnson Loaf,Castroland,MT,15674,63.562356,-65.112674,Joisted Masonry,1966,Built-up,2,40183,Multifamily,12,Y,None,44.0,32.2,3,67950.0,2009727.0,2025-12-24
PROP-0072,598 Diaz Hollow,Livingstontown,MS,11259,-76.908293,122.133188,Non-Combustible,1967,Modified Bitumen,9,40256,Office,1,N,Wind,56.0,42.0,0,32400.0,2009864.0,2025-06-26
PROP-0073,1255 Walter Square Apt. 637,Theodoreport,ME,65197,-51.820122,-137.836531,Masonry Non-Combustible,1968,Built-up,16,40329,Retail,2,Y,Hail,69.5,3.4,3,68850.0,2010001.0,2025-06-19
PROP-0074,29562 Terrance Corners Suite 742,Port Jamestown,VA,54841,44.894146,23.260444,Fire Resistive,1969,Modified Bitumen,23,40402,Warehouse,3,Y,Wildfire,3.0,14.8,0,33300.0,2010138.0,2025-06-27
PROP-0075,9784 Wiggins Creek Suite 057,Ayalahaven,MP,90348,65.762723,-32.747860,Frame,1970,Built-up,30,40475,Industrial,4,N,Flood,15.0,26.2,3,69750.0,2010275.0,2026-01-21
PROP-0076,69547 Barbara Brook Apt. 494,Lake Jack,NJ,34246,53.959542,148.940425,Joisted Masonry,1971,Modified Bitumen,37,40548,Mixed-Use,5,Y,Earthquake,28.5,36.0,0,34200.0,2010412.0,2025-09-05
PROP-0077,8903 Ruben Knolls Apt. 576,South Dana,FM,26479,13.448495,29.648019,Non-Combustible,1972,Built-up,44,40621,Multifamily,6,Y,None,42.0,47.4,3,70650.0,2010549.0,2025-01-17
PROP-0078,30621 Amanda Expressway,Lake Danielleborough,ID,57286,-29.413720,-13.833625,Masonry Non-Combustible,1973,Modified Bitumen,6,40694,Office,7,N,Wind,54.0,8.8,0,35100.0,2010686.0,2026-05-08
PROP-0079,0527 Richardson Groves Suite 654,South Kimtown,AR,92939,-10.548133,-86.383093,Fire Resistive,1974,Built-up,13,40767,Retail,8,Y,Hail,67.5,20.2,3,71550.0,2010823.0,2026-05-05
PROP-0080,36349 Vincent Avenue Suite 258,North Mariaberg,SC,14900,71.031305,-125.695375,Frame,1975,Modified Bitumen,20,40840,Warehouse,9,Y,Wildfire,1.0,30.0,0,36000.0,2010960.0,2026-05-18
PROP-0081,396 Jack Knolls Suite 898,Millershire,RI,66529,19.946028,47.306794,Joisted Masonry,1976,Built-up,27,40913,Industrial,10,N,Flood,13.0,41.4,3,72450.0,2011097.0,2026-01-25
PROP-0082,7946 Lozano Islands Suite 596,North Heathertown,PA,28099,51.675818,126.644323,Non-Combustible,1977,Modified Bitumen,34,40986,Mixed-Use,11,Y,Earthquake,26.5,2.8,0,36900.0,2011234.0,2024-10-07
PROP-0083,91317 Jose Squares,Amandatown,WY,66361,-48.559542,-90.241790,Masonry Non-Combustible,1978,Built-up,41,41059,Multifamily,12,Y,None,40.0,14.2,3,73350.0,2011371.0,2026-07-25
PROP-0084,005 Christine Neck,Jasonville,WI,48695,35.040618,-149.275328,Fire Resistive,1979,Modified Bitumen,3,41132,Office,1,N,Wind,52.0,24.0,0,37800.0,2011508.0,2025-07-25
PROP-0085,14325 Michael Row,Aliciahaven,AR,97391,60.131950,28.265929,Frame,1980,Built-up,10,41205,Retail,2,Y,Hail,65.5,35.4,3,74250.0,2011645.0,2025-07-30
PROP-0086,537 Laura Ways Apt. 943,Stephaniemouth,PR,94498,87.976740,38.693092,Joisted Masonry,1981,Modified Bitumen,17,41278,Warehouse,3,Y,Wildfire,79.0,46.8,0,38700.0,2011782.0,2024-09-25
PROP-0087,48726 Scott Underpass Apt. 074,South Sarahberg,OH,81229,40.348760,-53.848509,Non-Combustible,1982,Built-up,24,41351,Industrial,4,N,Flood,11.0,8.2,3,75150.0,2011919.0,2026-07-24
PROP-0088,3805 Quinn Trail,Danielborough,TN,16889,12.428428,38.329044,Masonry Non-Combustible,1983,Modified Bitumen,31,41424,Mixed-Use,5,Y,Earthquake,24.5,18.0,0,39600.0,2012056.0,2025-11-02
PROP-0089,0274 Joanne Stream,Lake Rachel,VA,56125,-38.761839,-47.859004,Fire Resistive,1984,Built-up,38,41497,Multifamily,6,Y,None,38.0,29.4,3,76050.0,2012193.0,2026-06-26
PROP-0090,1307 James Extensions,East Johnny,MS,55217,62.126188,28.452297,Frame,1985,Modified Bitumen,0,41570,Office,7,N,Wind,50.0,40.8,0,40500.0,2012330.0,2024-11-11
PROP-0091,50481 Alejandra Turnpike,Port Sara,RI,19970,73.314414,-100.650031,Joisted Masonry,1986,Built-up,7,41643,Retail,8,Y,Hail,63.5,2.2,3,76950.0,2012467.0,2024-12-29
PROP-0092,3384 Tara Plain Suite 236,Brucemouth,MD,92872,-88.374288,57.631789,Non-Combustible,1987,Modified Bitumen,14,41716,Warehouse,9,Y,Wildfire,77.0,12.0,0,41400.0,2012604.0,2024-11-28
PROP-0093,169 Clark Way Apt. 011,Maryville,GU,80861,36.703795,-171.766359,Masonry Non-Combustible,1988,Built-up,21,41789,Industrial,10,N,Flood,9.0,23.4,3,77850.0,2012741.0,2025-02-11
PROP-0094,22349 Austin Crescent,East Aprilshire,AK,76766,-52.478582,-31.687589,Fire Resistive,1989,Modified Bitumen,28,41862,Mixed-Use,11,Y,Earthquake,22.5,34.8,0,42300.0,2012878.0,2026-08-13
PROP-0095,3749 Cooper Springs Suite 989,Carolyntown,MS,63738,61.666543,171.015449,Frame,1990,Built-up,35,41935,Multifamily,12,Y,None,36.0,46.2,3,78750.0,2013015.0,2025-07-30
PROP-0096,7766 Jennifer Mission Suite 232,Port Sandrahaven,IN,49514,-31.188983,-175.014039,Joisted Masonry,1991,Modified Bitumen,42,42008,Office,1,N,Wind,48.0,6.0,0,43200.0,2013152.0,2025-03-06
PROP-0097,53772 Mark Port,Brownmouth,FM,52194,-83.905960,-68.379822,Non-Combustible,1992,Built-up,4,42081,Retail,2,Y,Hail,61.5,17.4,3,79650.0,2013289.0,2025-06-09
PROP-0098,7956 James Ramp Suite 265,Port Andrewburgh,PA,88108,-78.429197,-113.348977,Masonry Non-Combustible,1993,Modified Bitumen,11,42154,Warehouse,3,Y,Wildfire,75.0,28.8,0,44100.0,2013426.0,2025-09-17
PROP-0099,026 Steve Plaza,Port Jodifurt,MI,39588,81.867601,125.881473,Fire Resistive,1994,Built-up,18,42227,Industrial,4,N,Flood,7.0,40.2,3,80550.0,2013563.0,2025-08-17
PROP-0100,8192 Ana Knolls,Jennifertown,MI,27617,37.845456,-1.056862,Frame,1995,Modified Bitumen,25,42300,Mixed-Use,5,Y,Earthquake,20.5,0.0,0,45000.0,2013700.0,2025-02-21
PROP-0101,288 Webb Manors,Leemouth,OH,59070,-44.512918,-130.413217,Joisted Masonry,1996,Built-up,32,42373,Multifamily,6,Y,None,34.0,11.4,3,81450.0,2013837.0,2026-05-28
PROP-0102,524 Rivera Ports Suite 289,Rivasville,CO,97433,28.615894,131.627024,Non-Combustible,1997,Modified Bitumen,39,42446,Office,7,N,Wind,46.0,22.8,0,45900.0,2013974.0,2026-01-24
PROP-0103,44939 Sullivan Ville Apt. 316,Danielburgh,GU,32874,-43.068552,-155.162587,Masonry Non-Combustible,1998,Built-up,1,42519,Retail,8,Y,Hail,59.5,34.2,3,82350.0,2014111.0,2024-10-18
PROP-0104,488 Jacob Parks Suite 762,Fosterland,OR,70378,12.613490,-55.723051,Fire Resistive,1999,Modified Bitumen,8,42592,Warehouse,9,Y,Wildfire,73.0,44.0,0,46800.0,2014248.0,2026-05-27
PROP-0105,6684 Sarah Grove Suite 840,Michellefort,PR,45912,7.321513,42.949361,Frame,2000,Built-up,15,42665,Industrial,10,N,Flood,5.0,5.4,3,83250.0,2014385.0,2024-12-08
PROP-0106,0007 Mcguire Springs,Port Travis,HI,49106,88.821525,54.453957,Joisted Masonry,2001,Modified Bitumen,22,42738,Mixed-Use,11,Y,Earthquake,18.5,16.8,0,47700.0,2014522.0,2026-03-29
PROP-0107,32960 Myers Heights Suite 645,Henryport,PR,88926,64.143672,-125.105140,Non-Combustible,2002,Built-up,29,42811,Multifamily,12,Y,None,32.0,28.2,3,84150.0,2014659.0,2024-10-02
PROP-0108,722 Conway Courts Apt. 691,Port Shane,FM,92251,43.590152,-84.017272,Masonry Non-Combustible,2003,Modified Bitumen,36,42884,Office,1,N,Wind,44.0,38.0,0,48600.0,2014796.0,2024-10-31
PROP-0109,9547 Ortega Roads Suite 575,Justinshire,MN,73263,-66.257754,27.084686,Fire Resistive,2004,Built-up,43,42957,Retail,2,Y,Hail,57.5,49.4,3,85050.0,2014933.0,2026-04-12
PROP-0110,49047 Felicia Pine Suite 253,New Alexandrastad,HI,37850,-15.498603,175.034018,Frame,2005,Modified Bitumen,5,43030,Warehouse,3,Y,Wildfire,71.0,10.8,0,49500.0,2015070.0,2025-07-09
PROP-0111,567 Luis Run,West Katherine,NJ,16370,-53.721344,162.892416,Joisted Masonry,2006,Built-up,12,43103,Industrial,4,N,Flood,3.0,22.2,3,85950.0,2015207.0,2024-12-30
PROP-0112,364 Frazier Road Suite 980,West Toddchester,TX,45973,54.323490,150.288912,Non-Combustible,2007,Modified Bitumen,19,43176,Mixed-Use,5,Y,Earthquake,16.5,32.0,0,50400.0,2015344.0,2026-03-09
PROP-0113,482 Ashley Islands,Port Jennifer,MD,25317,-88.447707,155.526782,Masonry Non-Combustible,2008,Built-up,26,43249,Multifamily,6,Y,None,30.0,43.4,3,86850.0,2015481.0,2026-02-25
PROP-0114,2875 Haley Hollow Apt. 106,North Charles,LA,72932,0.528238,57.265213,Fire Resistive,2009,Modified Bitumen,33,43322,Office,7,N,Wind,42.0,4.8,0,51300.0,2015618.0,2026-02-20
PROP-0115,208 Jasmine Path,Glassborough,MP,74849,66.047698,25.021815,Frame,2010,Built-up,40,43395,Retail,8,Y,Hail,55.5,16.2,3,87750.0,2015755.0,2026-01-28
PROP-0116,88488 Andrew Springs Suite 384,Brianaton,UT,81285,25.196684,20.067372,Joisted Masonry,2011,Modified Bitumen,2,43468,Warehouse,9,Y,Wildfire,69.0,26.0,0,52200.0,2015892.0,2025-08-19
PROP-0117,560 Shari Rapids Apt. 362,Hernandezbury,AR,31289,-24.660709,-81.516552,Non-Combustible,2012,Built-up,9,43541,Industrial,10,N,Flood,1.0,37.4,3,88650.0,2016029.0,2024-11-09
PROP-0118,906 Jennifer Valleys Suite 306,Port Erin,KS,42316,85.164084,-9.419500,Masonry Non-Combustible,2013,Modified Bitumen,16,43614,Mixed-Use,11,Y,Earthquake,14.5,48.8,0,53100.0,2016166.0,2024-11-14
PROP-0119,4990 Fuller Corner Apt. 585,Danielville,MN,20800,20.883774,-75.144700,Fire Resistive,2014,Built-up,23,43687,Multifamily,12,Y,None,28.0,10.2,3,89550.0,2016303.0,2024-10-16
PROP-0120,6531 Charles Lights,Wesleyville,ME,97138,-60.402163,5.205920,Frame,2015,Modified Bitumen,30,43760,Office,1,N,Wind,40.0,20.0,0,54000.0,2016440.0,2025-10-16
PROP-0121,9833 Banks Dam,Mitchellstad,TX,41902,-0.510176,19.109849,Joisted Masonry,2016,Built-up,37,43833,Retail,2,Y,Hail,53.5,31.4,3,90450.0,2016577.0,2025-09-19
PROP-0122,3643 Mitchell Summit,Evanfurt,WV,62110,-9.286508,95.027943,Non-Combustible,2017,Modified Bitumen,44,43906,Warehouse,3,Y,Wildfire,67.0,42.8,0,54900.0,2016714.0,2026-08-01
PROP-0123,702 Carlos Terrace,Robertland,ID,80769,61.893714,41.084700,Masonry Non-Combustible,2018,Built-up,6,43979,Industrial,4,N,Flood,79.0,4.2,3,91350.0,2016851.0,2026-01-31
PROP-0124,4347 Butler Cove,North Ginastad,LA,81781,-4.258060,149.312105,Fire Resistive,2019,Modified Bitumen,13,44052,Mixed-Use,5,Y,Earthquake,12.5,14.0,0,55800.0,2016988.0,2025-06-08
PROP-0125,826 Macias Inlet,Shannonbury,AS,78593,45.460740,73.684875,Frame,2020,Built-up,20,44125,Multifamily,6,Y,None,26.0,25.4,3,92250.0,2017125.0,2026-01-23
PROP-0126,2901 Peterson Turnpike Apt. 228,Robertsland,MD,68491,49.221626,-71.128814,Joisted Masonry,2021,Modified Bitumen,27,44198,Office,7,N,Wind,38.0,36.8,0,56700.0,2017262.0,2025-10-20
PROP-0127,619 Rodriguez Extension Apt. 137,Wigginshaven,CT,51601,22.125832,-53.873598,Non-Combustible,2022,Built-up,34,44271,Retail,8,Y,Hail,51.5,48.2,3,93150.0,2017399.0,2025-11-15
PROP-0128,4777 Morgan Parkway,Klineview,OH,22804,38.860592,102.029858,Masonry Non-Combustible,2023,Modified Bitumen,41,44344,Warehouse,9,Y,Wildfire,65.0,8.0,0,57600.0,2017536.0,2025-03-24
PROP-0129,08479 Ward Neck,Lake Paul,NE,30625,-40.968214,154.650517,Fire Resistive,2024,Built-up,3,44417,Industrial,10,N,Flood,77.0,19.4,3,94050.0,2017673.0,2025-03-13
PROP-0130,823 Ashley Turnpike,Freemanborough,GU,49411,41.878382,-31.166298,Frame,1960,Modified Bitumen,10,44490,Mixed-Use,11,Y,Earthquake,10.5,30.8,0,58500.0,2017810.0,2025-12-18
PROP-0131,7524 Moore Estates Apt. 903,West Anna,MP,86409,-66.408184,-169.317873,Joisted Masonry,1961,Built-up,17,44563,Multifamily,12,Y,None,24.0,42.2,3,94950.0,2017947.0,2024-11-09
PROP-0132,5179 Katherine Wells Suite 637,Christopherfort,MD,20440,21.874291,-88.793230,Non-Combustible,1962,Modified Bitumen,24,44636,Office,1,N,Wind,36.0,2.0,0,59400.0,2018084.0,2026-03-15
PROP-0133,98867 Guerrero Plains,Robinland,IA,92055,-15.698999,-122.754477,Masonry Non-Combustible,1963,Built-up,31,44709,Retail,2,Y,Hail,49.5,13.4,3,95850.0,2018221.0,2026-04-27
PROP-0134,0023 Savage Turnpike,South Mark,WY,97479,-44.739850,-157.486019,Fire Resistive,1964,Modified Bitumen,38,44782,Warehouse,3,Y,Wildfire,63.0,24.8,0,60300.0,2018358.0,2026-06-13
PROP-0135,598 Brianna Well Apt. 559,New Ann,KY,34966,81.484263,55.376683,Frame,1965,Built-up,0,44855,Industrial,4,N,Flood,75.0,36.2,3,96750.0,2018495.0,2025-02-21
PROP-0136,774 Garcia Camp,Juliaside,MS,99342,-0.109586,-30.288286,Joisted Masonry,1966,Modified Bitumen,7,44928,Mixed-Use,5,Y,Earthquake,8.5,46.0,0,61200.0,2018632.0,2025-05-07
PROP-0137,611 Stephens Fords,East Robertfurt,GU,12843,14.781594,173.358841,Non-Combustible,1967,Built-up,14,45001,Multifamily,6,Y,None,22.0,7.4,3,97650.0,2018769.0,2024-09-03
PROP-0138,7859 Chris Drives,Brownfort,ND,83266,73.064094,-38.209647,Masonry Non-Combustible,1968,Modified Bitumen,21,45074,Office,7,N,Wind,34.0,18.8,0,62100.0,2018906.0,2025-07-31
PROP-0139,1073 Moore Greens Suite 430,Garciafurt,AR,55543,3.640290,144.852157,Fire Resistive,1969,Built-up,28,45147,Retail,8,Y,Hail,47.5,30.2,3,98550.0,2019043.0,2025-07-15
PROP-0140,27406 Donald Brook,North Tracy,SD,76116,51.660274,119.808904,Frame,1970,Modified Bitumen,35,45220,Warehouse,9,Y,Wildfire,61.0,40.0,0,63000.0,2019180.0,2024-09-23
PROP-0141,24226 Jennifer Inlet,North Jill,MS,23990,-77.830668,-45.476934,Joisted Masonry,1971,Built-up,42,45293,Industrial,10,N,Flood,73.0,1.4,3,99450.0,2019317.0,2026-07-01
PROP-0142,9578 Clements Parkway,Robertmouth,KY,06980,-69.573720,72.991921,Non-Combustible,1972,Modified Bitumen,4,45366,Mixed-Use,11,Y,Earthquake,6.5,12.8,0,63900.0,2019454.0,2026-02-09
PROP-0143,3679 Good Mills,South Laura,FM,71529,-34.814941,-149.459417,Masonry Non-Combustible,1973,Built-up,11,45439,Multifamily,12,Y,None,20.0,24.2,3,100350.0,2019591.0,2024-12-10
PROP-0144,16668 Sherri Lake Apt. 348,West Joshuafort,ID,89528,20.147307,-76.982018,Fire Resistive,1974,Modified Bitumen,18,45512,Office,1,N,Wind,32.0,34.0,0,64800.0,2019728.0,2024-10-29
PROP-0145,71467 Michael Mall Apt. 691,Sharonberg,NM,70640,47.679168,32.671050,Frame,1975,Built-up,25,45585,Retail,2,Y,Hail,45.5,45.4,3,101250.0,2019865.0,2026-01-31
PROP-0146,62022 Krista Land Apt. 911,Robertland,TN,98931,16.744446,29.620808,Joisted Masonry,1976,Modified Bitumen,32,45658,Warehouse,3,Y,Wildfire,59.0,6.8,0,65700.0,2020002.0,2024-08-29
PROP-0147,87436 Lewis Dale Apt. 163,Matthewsmouth,MD,01703,1.513424,171.309959,Non-Combustible,1977,Built-up,39,45731,Industrial,4,N,Flood,71.0,18.2,3,102150.0,2020139.0,2025-03-30
PROP-0148,415 Stout Course,West Christopherview,RI,36404,-49.371106,68.977038,Masonry Non-Combustible,1978,Modified Bitumen,1,45804,Mixed-Use,5,Y,Earthquake,4.5,28.0,0,66600.0,2020276.0,2026-01-29
PROP-0149,752 Lacey Dam Suite 701,East Alex,NM,79668,59.485756,53.525184,Fire Resistive,1979,Built-up,8,45877,Multifamily,6,Y,None,18.0,39.4,3,103050.0,2020413.0,2025-04-24
PROP-0150,95143 Stephanie Run,Lake Kristinachester,DC,37573,33.833276,135.020646,Frame,1980,Modified Bitumen,15,45950,Office,7,N,Wind,30.0,0.8,0,67500.0,2020550.0,2026-03-29
PROP-0151,694 Dylan Course,Lake Stevenfort,MT,27071,81.917784,169.928633,Joisted Masonry,1981,Built-up,22,46023,Retail,8,Y,Hail,43.5,12.2,3,103950.0,2020687.0,2025-03-24
PROP-0152,029 Wheeler Summit Apt. 651,Danieltown,KS,63434,8.295908,-165.542649,Non-Combustible,1982,Modified Bitumen,29,46096,Warehouse,9,Y,Wildfire,57.0,22.0,0,68400.0,2020824.0,2024-11-28
PROP-0153,040 Patty Spring Suite 126,Catherineside,NM,65855,-6.300364,-176.972146,Masonry Non-Combustible,1983,Built-up,36,46169,Industrial,10,N,Flood,69.0,33.4,3,104850.0,2020961.0,2025-11-09
PROP-0154,00991 Zamora Overpass,South Michaelberg,WI,03431,-65.834854,25.838929,Fire Resistive,1984,Modified Bitumen,43,46242,Mixed-Use,11,Y,Earthquake,2.5,44.8,0,69300.0,2021098.0,2025-05-01
PROP-0155,615 Victoria Creek Apt. 556,Helenbury,FL,19694,-34.650183,-124.470311,Frame,1985,Built-up,5,46315,Multifamily,12,Y,None,16.0,6.2,3,105750.0,2021235.0,2026-06-13
PROP-0156,1152 Isaac Common Suite 446,New Ian,NC,44950,-29.374748,55.073553,Joisted Masonry,1986,Modified Bitumen,12,46388,Office,1,N,Wind,28.0,16.0,0,70200.0,2021372.0,2025-11-05
PROP-0157,82890 James Station,Port Kathrynstad,MS,55979,35.264956,-124.007839,Non-Combustible,1987,Built-up,19,46461,Retail,2,Y,Hail,41.5,27.4,3,106650.0,2021509.0,2025-05-13
PROP-0158,49756 Archer Fords,Georgebury,ND,25352,-9.153682,78.274393,Masonry Non-Combustible,1988,Modified Bitumen,26,46534,Warehouse,3,Y,Wildfire,55.0,38.8,0,71100.0,2021646.0,2024-12-02
PROP-0159,6146 Donald Route Apt. 080,East Jonathanmouth,TN,46782,-40.199442,116.559289,Fire Resistive,1989,Built-up,33,46607,Industrial,4,N,Flood,67.0,50.2,3,107550.0,2021783.0,2026-08-13
PROP-0160,12665 Harris Vista Suite 697,West Gregory,ND,33790,70.782937,-65.650473,Frame,1990,Modified Bitumen,40,46680,Mixed-Use,5,Y,Earthquake,0.5,10.0,0,72000.0,2021920.0,2025-05-04
PROP-0161,59853 James Orchard Apt. 241,New Michael,AK,02809,-42.359796,-139.683271,Joisted Masonry,1991,Built-up,2,46753,Multifamily,6,Y,None,14.0,21.4,3,108450.0,2022057.0,2026-04-16
PROP-0162,59493 Shannon Lakes,Port Kristina,MT,28987,20.521096,11.745002,Non-Combustible,1992,Modified Bitumen,9,46826,Office,7,N,Wind,26.0,32.8,0,72900.0,2022194.0,2026-03-18
PROP-0163,974 Boyd Throughway,Paulborough,MS,47709,-3.283646,-39.959577,Masonry Non-Combustible,1993,Built-up,16,46899,Retail,8,Y,Hail,39.5,44.2,3,109350.0,2022331.0,2025-05-27
PROP-0164,56857 Jason Stream Apt. 596,Hunterburgh,PA,01695,19.676079,17.652038,Fire Resistive,1994,Modified Bitumen,23,46972,Warehouse,9,Y,Wildfire,53.0,4.0,0,73800.0,2022468.0,2025-06-06
PROP-0165,6082 Roger Plains,Port Tracy,MI,94970,62.741414,-94.304738,Frame,1995,Built-up,30,47045,Industrial,10,N,Flood,65.0,15.4,3,110250.0,2022605.0,2025-07-24
PROP-0166,504 Toni Garden,Jonesport,OH,54152,-29.401094,107.250900,Joisted Masonry,1996,Modified Bitumen,37,47118,Mixed-Use,11,Y,Earthquake,78.5,26.8,0,74700.0,2022742.0,2025-06-08
PROP-0167,3166 Michelle Neck,Angelicafort,VI,59288,5.569592,-174.762965,Non-Combustible,1997,Built-up,44,47191,Multifamily,12,Y,None,12.0,38.2,3,111150.0,2022879.0,2024-12-18
PROP-0168,50042 Derrick Loaf Suite 408,New Steven,PR,01600,25.871718,25.487218,Masonry Non-Combustible,1998,Modified Bitumen,6,47264,Office,1,N,Wind,24.0,48.0,0,75600.0,2023016.0,2025-01-16
PROP-0169,2310 Samantha Glens,North Roseshire,WY,86352,-10.070334,-131.689842,Fire Resistive,1999,Built-up,13,47337,Retail,2,Y,Hail,37.5,9.4,3,112050.0,2023153.0,2025-04-19
PROP-0170,6583 Davis Ranch Suite 669,Port Cindytown,WY,20801,-14.485592,34.194441,Frame,2000,Modified Bitumen,20,47410,Warehouse,3,Y,Wildfire,51.0,20.8,0,76500.0,2023290.0,2025-10-27
PROP-0171,8783 Phillips Mews Suite 562,Dixonfort,CA,50365,47.159559,-148.863319,Joisted Masonry,2001,Built-up,27,47483,Industrial,4,N,Flood,63.0,32.2,3,112950.0,2023427.0,2026-05-07
PROP-0172,104 Tom Mountain,Seanfort,GU,62003,-69.873390,160.744298,Non-Combustible,2002,Modified Bitumen,34,47556,Mixed-Use,5,Y,Earthquake,76.5,42.0,0,77400.0,2023564.0,2024-08-24
PROP-0173,198 Keith Meadows,Anthonychester,OK,33538,3.383970,-102.703966,Masonry Non-Combustible,2003,Built-up,41,47629,Multifamily,6,Y,None,10.0,3.4,3,113850.0,2023701.0,2026-03-14
PROP-0174,84686 Melinda Mountains Apt. 873,Kirbyburgh,AS,38844,-13.476596,-3.340376,Fire Resistive,2004,Modified Bitumen,3,47702,Office,7,N,Wind,22.0,14.8,0,78300.0,2023838.0,2025-11-19
PROP-0175,64771 Danielle Tunnel,East Alicia,PR,76286,-32.922798,-24.196828,Frame,2005,Built-up,10,47775,Retail,8,Y,Hail,35.5,26.2,3,114750.0,2023975.0,2024-12-02
PROP-0176,343 Bradshaw Views Apt. 172,Howellmouth,WI,68716,12.289538,-37.818991,Joisted Masonry,2006,Modified Bitumen,17,47848,Warehouse,9,Y,Wildfire,49.0,36.0,0,79200.0,2024112.0,2025-01-25
PROP-0177,86175 Leslie Knoll,South Christinashire,MI,12415,62.801186,-31.379670,Non-Combustible,2007,Built-up,24,47921,Industrial,10,N,Flood,61.0,47.4,3,115650.0,2024249.0,2025-10-23
PROP-0178,4033 Olson Expressway Suite 382,Martinezport,AR,81902,52.889540,-38.854105,Masonry Non-Combustible,2008,Modified Bitumen,31,47994,Mixed-Use,11,Y,Earthquake,74.5,8.8,0,80100.0,2024386.0,2025-12-16
PROP-0179,50503 Edward Trace Suite 413,North Michaela,PR,69129,-59.439058,58.702407,Fire Resistive,2009,Built-up,38,48067,Multifamily,12,Y,None,8.0,20.2,3,116550.0,2024523.0,2025-04-16
PROP-0180,761 Hill Path,Andreaborough,AR,80572,-77.726856,-168.340087,Frame,2010,Modified Bitumen,0,48140,Office,1,N,Wind,20.0,30.0,0,81000.0,2024660.0,2025-03-15
PROP-0181,80555 Hamilton Ville,New Evan,IL,36232,86.711523,-130.191481,Joisted Masonry,2011,Built-up,7,48213,Retail,2,Y,Hail,33.5,41.4,3,117450.0,2024797.0,2025-08-24
PROP-0182,59548 James Lights,Port Mary,MN,45846,72.260514,14.548655,Non-Combustible,2012,Modified Bitumen,14,48286,Warehouse,3,Y,Wildfire,47.0,2.8,0,81900.0,2024934.0,2025-05-26
PROP-0183,591 Barry Shore,West Barbaraview,GU,12681,-29.683250,-177.462975,Masonry Non-Combustible,2013,Built-up,21,48359,Industrial,4,N,Flood,59.0,14.2,3,118350.0,2025071.0,2025-03-27
PROP-0184,422 Murphy Knoll,Port Brian,WV,63056,88.667903,53.746224,Fire Resistive,2014,Modified Bitumen,28,48432,Mixed-Use,5,Y,Earthquake,72.5,24.0,0,82800.0,2025208.0,2025-05-23
PROP-0185,9143 Amanda Villages Apt. 984,East Hannah,ID,09569,6.089934,41.783718,Frame,2015,Built-up,35,48505,Multifamily,6,Y,None,6.0,35.4,3,119250.0,2025345.0,2024-09-01
PROP-0186,5958 Whitaker Light Suite 081,Andersenfort,WI,83037,-86.304788,76.497804,Joisted Masonry,2016,Modified Bitumen,42,48578,Office,7,N,Wind,18.0,46.8,0,83700.0,2025482.0,2025-07-15
PROP-0187,73922 Steven Court,New Anthony,VI,77001,-64.321224,-85.404127,Non-Combustible,2017,Built-up,4,48651,Retail,8,Y,Hail,31.5,8.2,3,120150.0,2025619.0,2025-08-12
PROP-0188,55576 Rebecca Prairie,Brittanytown,NY,29245,-2.520960,-70.492846,Masonry Non-Combustible,2018,Modified Bitumen,11,48724,Warehouse,9,Y,Wildfire,45.0,18.0,0,84600.0,2025756.0,2026-08-09
PROP-0189,529 Jessica Harbors Suite 777,Jamesmouth,MN,25490,-21.429812,95.919493,Fire Resistive,2019,Built-up,18,48797,Industrial,10,N,Flood,57.0,29.4,3,121050.0,2025893.0,2025-10-18
PROP-0190,33135 Jeffrey Locks Suite 747,Bellburgh,WV,27338,-10.774106,13.144306,Frame,2020,Modified Bitumen,25,48870,Mixed-Use,11,Y,Earthquake,70.5,40.8,0,85500.0,2026030.0,2024-11-17
PROP-0191,35318 Antonio Lane Suite 655,New Marcusside,LA,39445,59.420742,97.368206,Joisted Masonry,2021,Built-up,32,48943,Multifamily,12,Y,None,4.0,2.2,3,121950.0,2026167.0,2025-05-10
PROP-0192,02797 Gates Fork Suite 126,Lunastad,MA,04795,-13.275046,100.645268,Non-Combustible,2022,Modified Bitumen,39,49016,Office,1,N,Wind,16.0,12.0,0,86400.0,2026304.0,2024-09-04
PROP-0193,123 Campbell Cliff,Robertville,MI,90517,48.735797,114.153507,Masonry Non-Combustible,2023,Built-up,1,49089,Retail,2,Y,Hail,29.5,23.4,3,122850.0,2026441.0,2025-04-01
PROP-0194,021 Jessica Ford,Rachelhaven,RI,80782,75.251646,-103.822598,Fire Resistive,2024,Modified Bitumen,8,49162,Warehouse,3,Y,Wildfire,43.0,34.8,0,87300.0,2026578.0,2026-01-05
PROP-0195,162 Hansen Corner,North Shawnmouth,LA,90760,56.579777,147.097145,Frame,1960,Built-up,15,49235,Industrial,4,N,Flood,55.0,46.2,3,123750.0,2026715.0,2025-01-10
PROP-0196,47603 Robert Cliffs,Leslieberg,MI,47624,9.206220,63.691757,Joisted Masonry,1961,Modified Bitumen,22,49308,Mixed-Use,5,Y,Earthquake,68.5,6.0,0,88200.0,2026852.0,2026-04-04
PROP-0197,5348 Shepard Dam Apt. 277,New Brenda,LA,70190,0.956419,-69.673750,Non-Combustible,1962,Built-up,29,49381,Multifamily,6,Y,None,2.0,17.4,3,124650.0,2026989.0,2025-04-03
PROP-0198,3772 Madison Villages,West Savannahshire,ME,79203,-3.417246,122.686003,Masonry Non-Combustible,1963,Modified Bitumen,36,49454,Office,7,N,Wind,14.0,28.8,0,89100.0,2027126.0,2024-08-23
PROP-0199,325 Jessica Pike Apt. 789,Matthewland,AS,78916,-26.849864,49.294165,Fire Resistive,1964,Built-up,43,49527,Retail,8,Y,Hail,27.5,40.2,3,125550.0,2027263.0,2025-08-19
PROP-0200,98216 Danielle Ports,Amberton,MO,42452,-0.244872,-139.018544,Frame,1965,Modified Bitumen,5,49600,Warehouse,9,Y,Wildfire,41.0,0.0,0,90000.0,2027400.0,2026-06-17
PROP-0201,14780 Randy Freeway,Gibbsstad,HI,21792,-57.018088,-6.215533,Joisted Masonry,1966,Built-up,12,49673,Industrial,10,N,Flood,53.0,11.4,3,126450.0,2027537.0,2024-12-01
PROP-0202,1889 Nathan Junction,New Alexaville,LA,18692,31.330539,-57.480147,Non-Combustible,1967,Modified Bitumen,19,49746,Mixed-Use,11,Y,Earthquake,66.5,22.8,0,90900.0,2027674.0,2025-09-18
PROP-0203,76820 Hill Lakes Suite 592,Davidshire,NC,68253,14.604775,70.254859,Masonry Non-Combustible,1968,Built-up,26,49819,Multifamily,12,Y,None,80.0,34.2,3,127350.0,2027811.0,2024-08-19
PROP-0204,5408 Gray Alley Suite 951,West Catherineburgh,PW,14098,31.384943,76.898878,Fire Resistive,1969,Modified Bitumen,33,49892,Office,1,N,Wind,12.0,44.0,0,91800.0,2027948.0,2025-12-03
PROP-0205,4612 Cortez Valley Apt. 784,North Shannonhaven,ME,44968,65.095546,-175.209460,Frame,1970,Built-up,40,49965,Retail,2,Y,Hail,25.5,5.4,3,128250.0,2028085.0,2026-08-10
PROP-0206,6829 Steven Fork Suite 084,South Seanside,MP,28793,14.609658,97.620221,Joisted Masonry,1971,Modified Bitumen,2,50038,Warehouse,3,Y,Wildfire,39.0,16.8,0,92700.0,2028222.0,2025-07-12
PROP-0207,03368 Williams Landing Apt. 153,East Michelle,DC,33162,71.394658,-87.502379,Non-Combustible,1972,Built-up,9,50111,Industrial,4,N,Flood,51.0,28.2,3,129150.0,2028359.0,2025-09-24
PROP-0208,09133 Miller Lake,Torresburgh,CO,12128,-26.941040,87.991090,Masonry Non-Combustible,1973,Modified Bitumen,16,50184,Mixed-Use,5,Y,Earthquake,64.5,38.0,0,93600.0,2028496.0,2025-08-18
PROP-0209,181 Justin Underpass Suite 668,East Kristopher,PA,16206,-12.776368,-92.139627,Fire Resistive,1974,Built-up,23,50257,Multifamily,6,Y,None,78.0,49.4,3,130050.0,2028633.0,2026-08-04
PROP-0210,911 Baker Village Apt. 069,Normanton,ND,19872,-44.327068,-76.098955,Frame,1975,Modified Bitumen,30,50330,Office,7,N,Wind,10.0,10.8,0,94500.0,2028770.0,2026-01-30
PROP-0211,22818 Daniel Walks,Williamhaven,VI,12225,-50.566916,-108.606071,Joisted Masonry,1976,Built-up,37,50403,Retail,8,Y,Hail,23.5,22.2,3,130950.0,2028907.0,2025-11-13
PROP-0212,90609 Cindy Station Suite 032,Port Kimberly,AL,10409,68.101676,-68.629112,Non-Combustible,1977,Modified Bitumen,44,50476,Warehouse,9,Y,Wildfire,37.0,32.0,0,95400.0,2029044.0,2025-04-16
PROP-0213,262 Jeffrey Curve,Carlshire,WY,41156,-50.165176,-98.424713,Masonry Non-Combustible,1978,Built-up,6,50549,Industrial,10,N,Flood,49.0,43.4,3,131850.0,2029181.0,2024-10-04
PROP-0214,0702 Kimberly Keys,Lake Codymouth,PA,37156,-19.672246,44.099906,Fire Resistive,1979,Modified Bitumen,13,50622,Mixed-Use,11,Y,Earthquake,62.5,4.8,0,96300.0,2029318.0,2026-07-30
PROP-0215,91140 Roy Neck,South Ryan,AS,84351,-54.949850,-6.291013,Frame,1980,Built-up,20,50695,Multifamily,12,Y,None,76.0,16.2,3,132750.0,2029455.0,2026-01-10
PROP-0216,300 Amy Course Apt. 254,Lewisborough,VT,17488,-1.453621,82.696603,Joisted Masonry,1981,Modified Bitumen,27,50768,Office,1,N,Wind,8.0,26.0,0,97200.0,2029592.0,2026-02-16
PROP-0217,76015 Carol Fords,Marciaborough,NE,96110,-77.159294,44.484157,Non-Combustible,1982,Built-up,34,50841,Retail,2,Y,Hail,21.5,37.4,3,133650.0,2029729.0,2025-05-29
PROP-0218,992 Wright Turnpike Apt. 743,Patelshire,OK,29609,86.774956,81.868131,Masonry Non-Combustible,1983,Modified Bitumen,41,50914,Warehouse,3,Y,Wildfire,35.0,48.8,0,98100.0,2029866.0,2026-07-22
PROP-0219,670 Robert Summit Apt. 034,Garrettmouth,AK,97019,-55.971538,-86.730008,Fire Resistive,1984,Built-up,3,50987,Industrial,4,N,Flood,47.0,10.2,3,134550.0,2030003.0,2025-04-25
PROP-0220,8292 Karen Course,Blakeberg,PW,09991,3.284254,-166.795521,Frame,1985,Modified Bitumen,10,51060,Mixed-Use,5,Y,Earthquake,60.5,20.0,0,99000.0,2030140.0,2026-07-12
PROP-0221,740 Carrie Extension,East Johnville,SD,09844,77.182830,91.000637,Joisted Masonry,1986,Built-up,17,51133,Multifamily,6,Y,None,74.0,31.4,3,135450.0,2030277.0,2025-08-14
PROP-0222,9710 Murphy Valleys,Robertmouth,MH,95652,86.486936,160.424164,Non-Combustible,1987,Modified Bitumen,24,51206,Office,7,N,Wind,6.0,42.8,0,99900.0,2030414.0,2024-10-13
PROP-0223,86800 West Garden,Lake Dean,ID,95400,-54.067388,170.407474,Masonry Non-Combustible,1988,Built-up,31,51279,Retail,8,Y,Hail,19.5,4.2,3,136350.0,2030551.0,2025-04-04
PROP-0224,862 Jackson Ferry Apt. 168,Port Nancyland,IL,20852,-30.078635,40.384447,Fire Resistive,1989,Modified Bitumen,38,51352,Warehouse,9,Y,Wildfire,33.0,14.0,0,100800.0,2030688.0,2026-04-27
PROP-0225,28129 Joshua Hill,New Aaron,MO,16036,52.441068,-63.405146,Frame,1990,Built-up,0,51425,Industrial,10,N,Flood,45.0,25.4,3,137250.0,2030825.0,2025-10-09
PROP-0226,46540 Gary Viaduct Suite 232,Mariaborough,FL,46297,-24.854335,117.911461,Joisted Masonry,1991,Modified Bitumen,7,51498,Mixed-Use,11,Y,Earthquake,58.5,36.8,0,101700.0,2030962.0,2025-11-02
PROP-0227,5417 Santiago Fall Suite 801,Roseton,NC,77198,-75.264326,-108.712919,Non-Combustible,1992,Built-up,14,51571,Multifamily,12,Y,None,72.0,48.2,3,138150.0,2031099.0,2024-09-02
PROP-0228,820 Richard Expressway,North Amandaport,ME,69948,-29.355841,174.356173,Masonry Non-Combustible,1993,Modified Bitumen,21,51644,Office,1,N,Wind,4.0,8.0,0,102600.0,2031236.0,2024-12-25
PROP-0229,245 Joan Groves,Henrymouth,WA,97794,78.517618,0.815876,Fire Resistive,1994,Built-up,28,51717,Retail,2,Y,Hail,17.5,19.4,3,139050.0,2031373.0,2026-01-16
PROP-0230,46553 William Garden Suite 273,West Nathanstad,IL,40791,-88.367221,27.068034,Frame,1995,Modified Bitumen,35,51790,Warehouse,3,Y,Wildfire,31.0,30.8,0,103500.0,2031510.0,2025-06-14
PROP-0231,51511 Zachary Mills,West Joshua,IL,10105,-85.054300,-31.205175,Joisted Masonry,1996,Built-up,42,51863,Industrial,4,N,Flood,43.0,42.2,3,139950.0,2031647.0,2024-10-06
PROP-0232,4872 Briggs Valley,Powellland,WA,49194,-84.171270,84.297925,Non-Combustible,1997,Modified Bitumen,4,51936,Mixed-Use,5,Y,Earthquake,56.5,2.0,0,104400.0,2031784.0,2026-02-14
PROP-0233,2829 Tiffany Pine,East Jodiborough,FL,49874,-63.662674,-138.512042,Masonry Non-Combustible,1998,Built-up,11,52009,Multifamily,6,Y,None,70.0,13.4,3,140850.0,2031921.0,2025-11-11
PROP-0234,967 Charles Shoal,East Benjaminbury,TX,25810,74.807116,-161.467175,Fire Resistive,1999,Modified Bitumen,18,52082,Office,7,N,Wind,2.0,24.8,0,105300.0,2032058.0,2025-07-20
PROP-0235,03507 Carly Pass Suite 512,Sharontown,HI,04223,-25.653448,14.921671,Frame,2000,Built-up,25,52155,Retail,8,Y,Hail,15.5,36.2,3,141750.0,2032195.0,2026-02-03
PROP-0236,16453 Ryan Light,Toddbury,MA,07308,-10.614506,-124.904246,Joisted Masonry,2001,Modified Bitumen,32,52228,Warehouse,9,Y,Wildfire,29.0,46.0,0,106200.0,2032332.0,2025-12-14
PROP-0237,25467 Allen Row Apt. 594,Andrewchester,VT,70572,85.283897,170.694210,Non-Combustible,2002,Built-up,39,52301,Industrial,10,N,Flood,41.0,7.4,3,142650.0,2032469.0,2025-11-11
PROP-0238,561 Graham Union Suite 404,Katrinaberg,MN,13940,76.121430,64.522385,Masonry Non-Combustible,2003,Modified Bitumen,1,52374,Mixed-Use,11,Y,Earthquake,54.5,18.8,0,107100.0,2032606.0,2025-01-06
PROP-0239,6830 Kevin Islands,East Wendy,UT,99325,-7.873582,-154.150661,Fire Resistive,2004,Built-up,8,52447,Multifamily,12,Y,None,68.0,30.2,3,143550.0,2032743.0,2026-06-30
PROP-0240,1999 Mccarthy Wells Apt. 292,West Georgemouth,IL,58244,11.026691,-175.804777,Frame,2005,Modified Bitumen,15,52520,Office,1,N,Wind,0.0,40.0,0,108000.0,2032880.0,2025-11-17
PROP-0241,4586 Bell Camp Suite 723,Jessicafort,KY,22581,19.313340,-83.886529,Joisted Masonry,2006,Built-up,22,52593,Retail,2,Y,Hail,13.5,1.4,3,144450.0,2033017.0,2026-03-25
PROP-0242,14702 Harris Drives,South Ashley,AK,66590,-70.320662,163.490781,Non-Combustible,2007,Modified Bitumen,29,52666,Warehouse,3,Y,Wildfire,27.0,12.8,0,108900.0,2033154.0,2026-01-04
PROP-0243,103 Stacey Path,Marymouth,NM,71753,62.260011,-58.301213,Masonry Non-Combustible,2008,Built-up,36,52739,Industrial,4,N,Flood,39.0,24.2,3,145350.0,2033291.0,2026-05-30
PROP-0244,6620 Gary Plaza Apt. 678,Jamesborough,NY,60343,11.532431,-78.798593,Fire Resistive,2009,Modified Bitumen,43,52812,Mixed-Use,5,Y,Earthquake,52.5,34.0,0,109800.0,2033428.0,2026-06-26
PROP-0245,8690 Bell Tunnel Suite 575,Davidchester,IN,84739,-59.177474,-83.854731,Frame,2010,Built-up,5,52885,Multifamily,6,Y,None,66.0,45.4,3,146250.0,2033565.0,2024-10-05
PROP-0246,9069 Goodwin Curve,Jonville,AZ,67337,4.406862,-70.190565,Joisted Masonry,2011,Modified Bitumen,12,52958,Office,7,N,Wind,78.0,6.8,0,110700.0,2033702.0,2026-05-01
PROP-0247,97167 Taylor Ferry,Dianabury,GU,02607,-70.342833,121.109915,Non-Combustible,2012,Built-up,19,53031,Retail,8,Y,Hail,11.5,18.2,3,147150.0,2033839.0,2026-07-07
PROP-0248,600 Howard Parkway,Nathanton,OH,99868,-42.878611,53.251886,Masonry Non-Combustible,2013,Modified Bitumen,26,53104,Warehouse,9,Y,Wildfire,25.0,28.0,0,111600.0,2033976.0,2026-08-08
PROP-0249,336 Karen Plain,Norrisburgh,IA,69482,66.310688,168.717278,Fire Resistive,2014,Built-up,33,53177,Industrial,10,N,Flood,37.0,39.4,3,148050.0,2034113.0,2025-12-21
PROP-0250,48999 Conrad Island Suite 814,Tylerville,MS,81034,-50.057077,-113.536190,Frame,2015,Modified Bitumen,40,53250,Mixed-Use,11,Y,Earthquake,50.5,0.8,0,112500.0,2034250.0,2025-06-10
PROP-0251,72329 Patricia Mount,Jeffreystad,GA,88631,-26.831576,83.235056,Joisted Masonry,2016,Built-up,2,53323,Multifamily,12,Y,None,64.0,12.2,3,148950.0,2034387.0,2025-04-16
PROP-0252,1433 Ballard Branch Apt. 865,East Kennethberg,WY,85636,-72.354396,19.886064,Non-Combustible,2017,Modified Bitumen,9,53396,Office,1,N,Wind,76.0,22.0,0,113400.0,2034524.0,2024-12-10
PROP-0253,1980 Jason Manor Suite 924,North Amy,IN,42941,-9.955027,-156.874967,Masonry Non-Combustible,2018,Built-up,16,53469,Retail,2,Y,Hail,9.5,33.4,3,149850.0,2034661.0,2026-01-18
PROP-0254,915 Lee Passage,Donaldview,RI,36668,-31.613879,144.492496,Fire Resistive,2019,Modified Bitumen,23,53542,Warehouse,3,Y,Wildfire,23.0,44.8,0,114300.0,2034798.0,2024-12-19
PROP-0255,63244 Parsons Springs,Francisview,IN,37509,-2.181280,86.603520,Frame,2020,Built-up,30,53615,Industrial,4,N,Flood,35.0,6.2,3,150750.0,2034935.0,2026-06-05
PROP-0256,012 Angela Spur Apt. 221,Lake Alex,ID,20412,-71.538441,-37.904164,Joisted Masonry,2021,Modified Bitumen,37,53688,Mixed-Use,5,Y,Earthquake,48.5,16.0,0,115200.0,2035072.0,2025-09-23
PROP-0257,831 Jeanne Valleys,Cooperberg,AK,53180,88.636632,-58.680152,Non-Combustible,2022,Built-up,44,53761,Multifamily,6,Y,None,62.0,27.4,3,151650.0,2035209.0,2025-10-27
PROP-0258,13828 Lori Alley Apt. 259,Adamschester,DC,58480,-15.702769,106.516120,Masonry Non-Combustible,2023,Modified Bitumen,6,53834,Office,7,N,Wind,74.0,38.8,0,116100.0,2035346.0,2025-04-13
PROP-0259,731 Kimberly Light Apt. 246,Nathanland,NV,11468,-20.246442,90.982141,Fire Resistive,2024,Built-up,13,53907,Retail,8,Y,Hail,7.5,50.2,3,152550.0,2035483.0,2025-11-13
PROP-0260,841 Kelsey Prairie Apt. 279,North Anamouth,MT,96003,55.624631,-148.386069,Frame,1960,Modified Bitumen,20,53980,Warehouse,9,Y,Wildfire,21.0,10.0,0,117000.0,2035620.0,2024-10-20
PROP-0261,350 Owens Row,East Kayla,WV,19062,44.833426,34.179404,Joisted Masonry,1961,Built-up,27,54053,Industrial,10,N,Flood,33.0,21.4,3,153450.0,2035757.0,2025-02-15
PROP-0262,896 Cruz Crest Apt. 747,Johnsonshire,UT,01618,77.259436,-36.554773,Non-Combustible,1962,Modified Bitumen,34,54126,Mixed-Use,11,Y,Earthquake,46.5,32.8,0,117900.0,2035894.0,2024-09-10
PROP-0263,959 Ballard Row Apt. 185,Lopezfurt,WY,94149,-57.400431,-20.719521,Masonry Non-Combustible,1963,Built-up,41,54199,Multifamily,12,Y,None,60.0,44.2,3,154350.0,2036031.0,2025-07-16
PROP-0264,4689 Rodriguez Fords,Port Troyton,MT,59540,51.616061,29.786566,Fire Resistive,1964,Modified Bitumen,3,54272,Office,1,N,Wind,72.0,4.0,0,118800.0,2036168.0,2024-11-20
PROP-0265,9130 Vargas Brook,Virginiaside,IL,72090,-87.044092,86.025492,Frame,1965,Built-up,10,54345,Retail,2,Y,Hail,5.5,15.4,3,155250.0,2036305.0,2025-02-16
PROP-0266,57368 Jessica Roads,Port Krista,TN,12502,86.857500,150.541922,Joisted Masonry,1966,Modified Bitumen,17,54418,Warehouse,3,Y,Wildfire,19.0,26.8,0,119700.0,2036442.0,2024-11-01
PROP-0267,502 Cantu Rue,Kathrynmouth,WV,32615,24.275536,140.572327,Non-Combustible,1967,Built-up,24,54491,Industrial,4,N,Flood,31.0,38.2,3,156150.0,2036579.0,2025-08-21
PROP-0268,70721 Robinson Club Apt. 091,East Mariahfort,GU,93859,75.711442,85.233501,Masonry Non-Combustible,1968,Modified Bitumen,31,54564,Mixed-Use,5,Y,Earthquake,44.5,48.0,0,120600.0,2036716.0,2024-12-30
PROP-0269,808 Gilmore Islands Suite 403,West Brooketon,TN,34722,-75.783699,48.916634,Fire Resistive,1969,Built-up,38,54637,Multifamily,6,Y,None,58.0,9.4,3,157050.0,2036853.0,2024-09-07
PROP-0270,19534 Glen Circles Apt. 319,North Adrianhaven,WV,22017,64.638748,144.332490,Frame,1970,Modified Bitumen,0,54710,Office,7,N,Wind,70.0,20.8,0,121500.0,2036990.0,2025-08-10
PROP-0271,691 Meyer Mall,Michaelstad,FL,54401,-83.142420,-144.174539,Joisted Masonry,1971,Built-up,7,54783,Retail,8,Y,Hail,3.5,32.2,3,157950.0,2037127.0,2025-08-07
PROP-0272,026 Villarreal Oval,Ruizville,DC,69145,-68.953647,84.165208,Non-Combustible,1972,Modified Bitumen,14,54856,Warehouse,9,Y,Wildfire,17.0,42.0,0,122400.0,2037264.0,2025-11-20
PROP-0273,74099 Tina Unions,Port Edwardstad,IA,58534,-64.373552,-132.074216,Masonry Non-Combustible,1973,Built-up,21,54929,Industrial,10,N,Flood,29.0,3.4,3,158850.0,2037401.0,2026-01-25
PROP-0274,687 Ashley Island Apt. 485,East Dawn,WI,34621,32.123031,165.977222,Fire Resistive,1974,Modified Bitumen,28,55002,Mixed-Use,11,Y,Earthquake,42.5,14.8,0,123300.0,2037538.0,2025-01-13
PROP-0275,67218 Diane Fall,Port Robin,MS,83028,-31.870608,154.833340,Frame,1975,Built-up,35,55075,Multifamily,12,Y,None,56.0,26.2,3,159750.0,2037675.0,2025-08-31
PROP-0276,880 Patrick Shores Apt. 358,Port Brianfort,AL,66557,31.271652,56.131901,Joisted Masonry,1976,Modified Bitumen,42,55148,Office,1,N,Wind,68.0,36.0,0,124200.0,2037812.0,2026-05-12
PROP-0277,57199 Brown Lane Suite 269,North Jesus,AR,28148,-87.720452,-107.614110,Non-Combustible,1977,Built-up,4,55221,Retail,2,Y,Hail,1.5,47.4,3,160650.0,2037949.0,2024-11-21
PROP-0278,03212 Jessica Knolls,Fishermouth,MN,41399,-4.932238,65.905911,Masonry Non-Combustible,1978,Modified Bitumen,11,55294,Warehouse,3,Y,Wildfire,15.0,8.8,0,125100.0,2038086.0,2025-02-03
PROP-0279,282 Day Vista Suite 776,New Adrianborough,NC,57215,3.309888,127.400483,Fire Resistive,1979,Built-up,18,55367,Industrial,4,N,Flood,27.0,20.2,3,161550.0,2038223.0,2025-07-01
PROP-0280,826 Proctor Fort Apt. 217,East Paul,NC,29457,-53.452316,165.395830,Frame,1980,Modified Bitumen,25,55440,Mixed-Use,5,Y,Earthquake,40.5,30.0,0,126000.0,2038360.0,2024-11-17
PROP-0281,958 Judy Hills Apt. 737,East Matthew,RI,92202,-7.596118,-133.202892,Joisted Masonry,1981,Built-up,32,55513,Multifamily,6,Y,None,54.0,41.4,3,162450.0,2038497.0,2024-09-08
PROP-0282,7775 Martin Street,East Brianna,NH,22347,71.595210,134.548392,Non-Combustible,1982,Modified Bitumen,39,55586,Office,7,N,Wind,66.0,2.8,0,126900.0,2038634.0,2024-08-30
PROP-0283,0440 Stephanie Port Apt. 698,East Rhonda,NM,32189,19.010029,-171.184375,Masonry Non-Combustible,1983,Built-up,1,55659,Retail,8,Y,Hail,79.5,14.2,3,163350.0,2038771.0,2024-11-03
PROP-0284,3208 Jeanette Trafficway,West James,MT,58347,-87.298860,84.978082,Fire Resistive,1984,Modified Bitumen,8,55732,Warehouse,9,Y,Wildfire,13.0,24.0,0,127800.0,2038908.0,2026-07-18
PROP-0285,921 Patrick Plaza Suite 362,West Maryville,UT,02441,1.134806,56.105030,Frame,1985,Built-up,15,55805,Industrial,10,N,Flood,25.0,35.4,3,164250.0,2039045.0,2026-06-26
PROP-0286,72769 Chang Stream,Grayhaven,NH,75696,-40.877104,-7.750528,Joisted Masonry,1986,Modified Bitumen,22,55878,Mixed-Use,11,Y,Earthquake,38.5,46.8,0,128700.0,2039182.0,2026-06-16
PROP-0287,58621 Fields Run Apt. 899,Ericamouth,NC,17433,62.986246,-77.514788,Non-Combustible,1987,Built-up,29,55951,Multifamily,12,Y,None,52.0,8.2,3,165150.0,2039319.0,2026-06-18
PROP-0288,5745 Johnny Coves Suite 825,Joannaborough,LA,99085,-34.468562,151.491704,Masonry Non-Combustible,1988,Modified Bitumen,36,56024,Office,1,N,Wind,64.0,18.0,0,129600.0,2039456.0,2025-12-05
PROP-0289,4258 Kevin Highway Suite 643,Vegamouth,PA,27701,-28.350922,-78.415971,Fire Resistive,1989,Built-up,43,56097,Retail,2,Y,Hail,77.5,29.4,3,166050.0,2039593.0,2026-03-23
PROP-0290,9025 Sandra Manor Suite 094,East Ericchester,MA,02484,-61.821822,-85.610278,Frame,1990,Modified Bitumen,5,56170,Warehouse,3,Y,Wildfire,11.0,40.8,0,130500.0,2039730.0,2025-08-07
PROP-0291,55976 Sheila Way,Danport,NV,87598,6.562303,-129.225262,Joisted Masonry,1991,Built-up,12,56243,Industrial,4,N,Flood,23.0,2.2,3,166950.0,2039867.0,2025-08-29
PROP-0292,2694 Michael Rapids,West George,SD,65614,44.709040,86.703896,Non-Combustible,1992,Modified Bitumen,19,56316,Mixed-Use,5,Y,Earthquake,36.5,12.0,0,131400.0,2040004.0,2025-04-20
PROP-0293,584 Nicholas Prairie Suite 694,South Janet,SD,08595,43.783708,164.915997,Masonry Non-Combustible,1993,Built-up,26,56389,Multifamily,6,Y,None,50.0,23.4,3,167850.0,2040141.0,2026-04-30
PROP-0294,030 Riley Rapid Suite 539,Johnhaven,WA,98692,-23.952330,52.421989,Fire Resistive,1994,Modified Bitumen,33,56462,Office,7,N,Wind,62.0,34.8,0,132300.0,2040278.0,2025-07-06
PROP-0295,92004 Michael Green,Port Franciscoburgh,VA,12247,59.779397,-53.944661,Frame,1995,Built-up,40,56535,Retail,8,Y,Hail,75.5,46.2,3,168750.0,2040415.0,2025-12-17
PROP-0296,59396 Courtney Stream,Barryville,WI,74679,-19.850770,65.135599,Joisted Masonry,1996,Modified Bitumen,2,56608,Warehouse,9,Y,Wildfire,9.0,6.0,0,133200.0,2040552.0,2025-03-09
PROP-0297,15904 Ruth Harbors Suite 546,Nortonview,MP,47413,-69.848632,-84.212317,Non-Combustible,1997,Built-up,9,56681,Industrial,10,N,Flood,21.0,17.4,3,169650.0,2040689.0,2025-11-30
PROP-0298,96164 Jones Tunnel Suite 672,New Bradley,NC,71250,4.795656,70.581064,Masonry Non-Combustible,1998,Modified Bitumen,16,56754,Mixed-Use,11,Y,Earthquake,34.5,28.8,0,134100.0,2040826.0,2025-08-26
PROP-0299,733 Heather Road Suite 585,Tylerbury,AK,65714,41.787616,-166.759229,Fire Resistive,1999,Built-up,23,56827,Multifamily,12,Y,None,48.0,40.2,3,170550.0,2040963.0,2025-12-09
PROP-0300,7240 Pruitt Curve,Davidstad,IN,38966,45.495314,-127.989752,Frame,2000,Modified Bitumen,30,56900,Office,1,N,Wind,60.0,0.0,0,135000.0,2041100.0,2025-08-27
